{
  "format_version": 2,
  "input_size": 20,
  "hidden_size": 12,
  "learning_rate": 0.08,
  "w1": [
    [
      -0.25174619765583,
      -0.5090675207250359,
      0.02157176305315933,
      -0.549696303042121,
      0.2150497431355405,
      -0.14088141971257626,
      -0.5263950059191617,
      0.013507029201296709,
      -0.5450692110121107,
      -0.024411053684598668,
      -0.6444338312279878,
      -0.5692450779953535,
      -0.22176848524601275,
      0.4185470714382063,
      -0.1789529079088177,
      -0.3762705298267636,
      0.12761775147365392,
      0.4186939091255495,
      -0.07854449411934475,
      -0.08397509404043874
    ],
    [
      0.6332985190214767,
      -0.7143410173939435,
      0.27841589644171416,
      -0.25772704539065733,
      -0.3519034880480673,
      -0.5187525461905367,
      -0.18322739659336065,
      0.41270286319945093,
      -0.42185256374566,
      0.14540675351825946,
      0.11368632756502428,
      -0.20808868375319656,
      -0.054087625929133694,
      -0.6770720479714409,
      -0.24144649200648474,
      -0.4154921344005032,
      0.20270522669702212,
      -0.355029349451248,
      -0.49835645834626535,
      0.12418346722031176
    ],
    [
      -0.22590068563413856,
      -0.5371652764105977,
      -0.027048874064536047,
      0.24449104002089353,
      -0.3247539107077908,
      -0.009844175583205323,
      0.04647232957511427,
      0.33014911584431356,
      0.27473102030763313,
      -0.37183988595821754,
      0.3397645186133138,
      -0.7032009142888187,
      -0.4115423531427086,
      0.08685583485474185,
      -0.1949141396962903,
      -0.09370995479837664,
      -0.8314650315329977,
      -0.18534504738755642,
      -0.03815217732074982,
      -0.05381011202932251
    ],
    [
      0.6171178308920211,
      -0.13156127072199844,
      0.5281901882697425,
      0.035563819412803344,
      -0.04129447968522349,
      -0.06601518267037287,
      0.3528309267153896,
      0.6524227714395496,
      -0.12385314957343405,
      0.15932168953017947,
      -0.4660586834340505,
      0.3329453775731417,
      0.32469352609863067,
      0.7962854168582534,
      0.04671000062219289,
      -0.2920101869563042,
      -0.08122800156236822,
      0.5474480032117656,
      -0.419705631205535,
      -0.02360348513853581
    ],
    [
      -0.534887876501267,
      -0.638815637403511,
      -0.8281607376855994,
      0.3724237812685804,
      -0.48963368365637333,
      -0.38515759439032615,
      -0.14910718186893815,
      0.4247162224351439,
      -0.6019725634509734,
      -0.1362719443023653,
      -0.0833575221429938,
      0.4731371409237158,
      0.30734165639202427,
      0.38944500652738717,
      -0.15638837739995434,
      -0.15022184882363424,
      -0.27882751093554226,
      0.31366351327569,
      0.42759272915858754,
      -0.5500941235022477
    ],
    [
      -0.4423010820311963,
      -0.36272673013263296,
      -0.35174127424617,
      -0.01052832401620779,
      0.12365319476202291,
      -0.3250189988923656,
      -0.6870035594335158,
      -0.10368397270154876,
      -0.15941118321754463,
      0.12034244430519353,
      0.6391762691213025,
      0.27179259090639574,
      0.027070808965300758,
      0.16617855086775601,
      0.2342362192198075,
      -0.6040190447989925,
      0.5741789111455627,
      0.42128125040323805,
      0.5444464256610159,
      0.4339213186481185
    ],
    [
      -0.07781107105902509,
      -0.05395644854801185,
      -0.5504972048911396,
      0.2739792161396693,
      -0.5226793215008043,
      -0.5266772921693313,
      -0.30895566858902296,
      -0.4020371624148206,
      -0.13129259333195215,
      -0.551747006784234,
      -0.6558651020758822,
      -0.4268498555692234,
      -0.5213989605701924,
      -0.09366975502219965,
      -0.5212080011437233,
      0.5809039898210796,
      0.20992047144970935,
      -0.502653811587018,
      -0.33685859190416345,
      -0.1585660558718985
    ],
    [
      -0.00795961047918741,
      -0.2962705520386835,
      0.7874782090372201,
      0.7565252448876031,
      0.012440532416695769,
      0.12424686942695098,
      -0.4818833193876113,
      -0.3860498423334892,
      -0.11971759601956072,
      -0.22688691349303233,
      0.7174405628843947,
      -0.3045810432397927,
      -0.41659431814038106,
      0.8725992622660065,
      -0.045001483157375816,
      -0.37357418302418977,
      0.25998429836208287,
      -0.33381706486344753,
      0.3410994256905879,
      0.8343456466980522
    ],
    [
      0.5619158215019371,
      0.3529907647694125,
      -0.21717998505248004,
      -0.16805850331022695,
      -0.4878704988278718,
      0.40928003209718355,
      0.037153831261260414,
      0.4352007117512653,
      -0.20088056425013034,
      -0.3477634873444465,
      0.490514339628002,
      0.7191719436347698,
      0.5582957430985666,
      0.4850192965380388,
      0.32732031225040686,
      0.37918930905504983,
      -0.324891158438273,
      0.1537343167119865,
      -0.09864594535128128,
      -0.6095906781588643
    ],
    [
      -0.6065277471407268,
      -0.22332050454060598,
      -0.18992542042009558,
      0.2816891742817901,
      0.6515713967590157,
      -0.038514004589234964,
      0.635677394319706,
      0.7593597663543347,
      0.6520998709686957,
      -0.18823560081329263,
      -0.25769067003407486,
      -0.32115244526320286,
      -0.2868261724331948,
      -0.31281653975502927,
      0.10496014089734833,
      0.5864981662685739,
      0.5518144949261606,
      0.1294330596087134,
      0.36750168626572927,
      0.46970555157143096
    ],
    [
      -0.5462320072481026,
      0.2656457334978103,
      0.7035830627182236,
      0.3412884602129965,
      0.27608839129100854,
      -0.03210435907421345,
      -0.49776985159688325,
      0.39584844453854606,
      -0.23260357750697705,
      0.4201357694197371,
      0.6998678206386137,
      -0.13228332096350884,
      -0.0874339645566646,
      0.6392507375756608,
      0.12135535680286968,
      -0.4316605608531776,
      -0.4587200585277598,
      -0.3253668570447685,
      0.68960776654588,
      0.4489881269176753
    ],
    [
      -0.5862444226638269,
      0.3216146636343803,
      0.48267932877332625,
      0.1644955535012602,
      -0.22418670902958895,
      -0.009717414364887699,
      -0.5490722029208531,
      -0.7783002785486102,
      0.5479181135045025,
      0.09257380671811703,
      -0.08789565025120466,
      0.5294839117728636,
      -0.2093762911575666,
      0.41744707638964895,
      0.5446692298340292,
      -0.4936916581904941,
      -0.4456861927304552,
      -0.49804020485837097,
      -0.5479173824761603,
      0.0069623079045303855
    ]
  ],
  "b1": [
    0.4451891127627222,
    0.379505076342844,
    0.32072563712082425,
    -0.5210432627570244,
    0.16500885499242657,
    0.004216385878585864,
    0.23591048848736068,
    -0.09064555935038009,
    -0.08597130186020932,
    -0.10691904797302856,
    -0.20838523150197694,
    0.06330320128983265
  ],
  "w2": [
    -1.1862721386136168,
    -1.106379095942917,
    -1.0758649086132275,
    1.071037725831816,
    -0.6789744174900287,
    0.10785146013243067,
    -0.8091699852899327,
    0.4843074677149063,
    0.43910125674699396,
    0.3873574564438994,
    0.611621024502693,
    -0.616867467802591
  ],
  "b2": -0.8287489984911561
}